ID,NAME,State,precip
CA-001,Alameda County,California,8.42
CA-003,Alpine County,California,20.43
CA-005,Amador County,California,20.32
CA-007,Butte County,California,19.16
CA-009,Calaveras County,California,18.94
CA-011,Colusa County,California,6.88
CA-013,Contra Costa County,California,7.23
CA-015,Del Norte County,California,55.96
CA-017,El Dorado County,California,25.9
CA-019,Fresno County,California,9.62
CA-021,Glenn County,California,7.22
CA-023,Humboldt County,California,37.67
CA-025,Imperial County,California,2.69
CA-027,Inyo County,California,2.99
CA-029,Kern County,California,6.05
CA-031,Kings County,California,4.54
CA-033,Lake County,California,17.02
CA-035,Lassen County,California,10.81
CA-037,Los Angeles County,California,10.89
CA-039,Madera County,California,11.06
CA-041,Marin County,California,13.07
CA-043,Mariposa County,California,15.78
CA-045,Mendocino County,California,22.11
CA-047,Merced County,California,5.77
CA-049,Modoc County,California,12.92
CA-051,Mono County,California,7.71
CA-053,Monterey County,California,10.21
CA-055,Napa County,California,10.32
CA-057,Nevada County,California,27.42
CA-059,Orange County,California,9.57
CA-061,Placer County,California,24.95
CA-063,Plumas County,California,21.66
CA-065,Riverside County,California,6.62
CA-067,Sacramento County,California,8.06
CA-069,San Benito County,California,8.72
CA-071,San Bernardino County,California,4.44
CA-073,San Diego County,California,11.35
CA-075,San Francisco County,California,9.44
CA-077,San Joaquin County,California,6.6
CA-079,San Luis Obispo County,California,9.31
CA-081,San Mateo County,California,10.95
CA-083,Santa Barbara County,California,11.34
CA-085,Santa Clara County,California,12.47
CA-087,Santa Cruz County,California,14.51
CA-089,Shasta County,California,23.3
CA-091,Sierra County,California,24.33
CA-093,Siskiyou County,California,23.22
CA-095,Solano County,California,6.51
CA-097,Sonoma County,California,14.86
CA-099,Stanislaus County,California,6.78
CA-101,Sutter County,California,6.57
CA-103,Tehama County,California,16.5
CA-105,Trinity County,California,28.14
CA-107,Tulare County,California,11.61
CA-109,Tuolumne County,California,21.07
CA-111,Ventura County,California,12.1
CA-113,Yolo County,California,6.36
CA-115,Yuba County,California,18.02