ID,NAME,State,precip,1901-2000_Mean
CA-001,Alameda County,California,14.46,18.75
CA-003,Alpine County,California,30.42,36.14
CA-005,Amador County,California,28.74,35.23
CA-007,Butte County,California,24.81,44.41
CA-009,Calaveras County,California,26.35,34.27
CA-011,Colusa County,California,11.52,22
CA-013,Contra Costa County,California,13.45,18.49
CA-015,Del Norte County,California,53.28,79.99
CA-017,El Dorado County,California,36.22,44.64
CA-019,Fresno County,California,13.07,19.6
CA-021,Glenn County,California,12.31,25.88
CA-023,Humboldt County,California,41.31,63.39
CA-025,Imperial County,California,2.17,3.38
CA-027,Inyo County,California,3.83,6.24
CA-029,Kern County,California,5.35,9.05
CA-031,Kings County,California,4.32,7.61
CA-033,Lake County,California,23.95,43.46
CA-035,Lassen County,California,13.3,20.4
CA-037,Los Angeles County,California,7.64,15.56
CA-039,Madera County,California,14.36,23.12
CA-041,Marin County,California,20.94,35.48
CA-043,Mariposa County,California,21.5,32.81
CA-045,Mendocino County,California,32.19,51.61
CA-047,Merced County,California,7.77,11.27
CA-049,Modoc County,California,14.82,18.07
CA-051,Mono County,California,13.09,15.63
CA-053,Monterey County,California,13.55,20.1
CA-055,Napa County,California,16.66,31.1
CA-057,Nevada County,California,37.87,50.37
CA-059,Orange County,California,6.64,13.55
CA-061,Placer County,California,35.57,45.77
CA-063,Plumas County,California,26.16,41.21
CA-065,Riverside County,California,4.45,8.49
CA-067,Sacramento County,California,12.8,18.69
CA-069,San Benito County,California,10.25,16.74
CA-071,San Bernardino County,California,3.81,6.86
CA-073,San Diego County,California,8.64,14.29
CA-075,San Francisco County,California,18.22,24.3
CA-077,San Joaquin County,California,10.75,14.05
CA-079,San Luis Obispo County,California,10.66,17.16
CA-081,San Mateo County,California,20.73,28.66
CA-083,Santa Barbara County,California,10.22,18.84
CA-085,Santa Clara County,California,18.47,23.11
CA-087,Santa Cruz County,California,27.14,33.05
CA-089,Shasta County,California,23.69,41.94
CA-091,Sierra County,California,32.66,45.75
CA-093,Siskiyou County,California,24.04,38.81
CA-095,Solano County,California,12.25,19.79
CA-097,Sonoma County,California,23.28,42.02
CA-099,Stanislaus County,California,10.09,13.65
CA-101,Sutter County,California,10.76,18.98
CA-103,Tehama County,California,19.69,36.51
CA-105,Trinity County,California,33.41,57.49
CA-107,Tulare County,California,12.31,21.84
CA-109,Tuolumne County,California,29.48,40.84
CA-111,Ventura County,California,9.95,20.41
CA-113,Yolo County,California,11.49,20.01
CA-115,Yuba County,California,23.37,37.73