ID,NAME,State,precip,1901-2000_Mean
CA-001,Alameda County,California,17.96,18.75
CA-003,Alpine County,California,37.65,36.14
CA-005,Amador County,California,34.53,35.23
CA-007,Butte County,California,35.78,44.41
CA-009,Calaveras County,California,33.65,34.27
CA-011,Colusa County,California,18.55,22
CA-013,Contra Costa County,California,16.96,18.49
CA-015,Del Norte County,California,75.66,79.99
CA-017,El Dorado County,California,42.1,44.64
CA-019,Fresno County,California,16.83,19.6
CA-021,Glenn County,California,19.76,25.88
CA-023,Humboldt County,California,52.42,63.39
CA-025,Imperial County,California,2.49,3.38
CA-027,Inyo County,California,4.61,6.24
CA-029,Kern County,California,6.81,9.05
CA-031,Kings County,California,7.31,7.61
CA-033,Lake County,California,36.57,43.46
CA-035,Lassen County,California,18.29,20.4
CA-037,Los Angeles County,California,11.79,15.56
CA-039,Madera County,California,19.05,23.12
CA-041,Marin County,California,30.24,35.48
CA-043,Mariposa County,California,26.48,32.81
CA-045,Mendocino County,California,43.42,51.61
CA-047,Merced County,California,10.5,11.27
CA-049,Modoc County,California,14.45,18.07
CA-051,Mono County,California,16.04,15.63
CA-053,Monterey County,California,20.8,20.1
CA-055,Napa County,California,27.17,31.1
CA-057,Nevada County,California,48.46,50.37
CA-059,Orange County,California,9.41,13.55
CA-061,Placer County,California,44.34,45.77
CA-063,Plumas County,California,38.29,41.21
CA-065,Riverside County,California,5.39,8.49
CA-067,Sacramento County,California,17.58,18.69
CA-069,San Benito County,California,16.07,16.74
CA-071,San Bernardino County,California,4.3,6.86
CA-073,San Diego County,California,11.35,14.29
CA-075,San Francisco County,California,24.66,24.3
CA-077,San Joaquin County,California,14.22,14.05
CA-079,San Luis Obispo County,California,16.81,17.16
CA-081,San Mateo County,California,26.07,28.66
CA-083,Santa Barbara County,California,16.54,18.84
CA-085,Santa Clara County,California,22.81,23.11
CA-087,Santa Cruz County,California,33.92,33.05
CA-089,Shasta County,California,33.31,41.94
CA-091,Sierra County,California,44.67,45.75
CA-093,Siskiyou County,California,29.23,38.81
CA-095,Solano County,California,18.48,19.79
CA-097,Sonoma County,California,35.2,42.02
CA-099,Stanislaus County,California,14.2,13.65
CA-101,Sutter County,California,16.08,18.98
CA-103,Tehama County,California,30.03,36.51
CA-105,Trinity County,California,44.81,57.49
CA-107,Tulare County,California,18.46,21.84
CA-109,Tuolumne County,California,37.6,40.84
CA-111,Ventura County,California,16.93,20.41
CA-113,Yolo County,California,18.91,20.01
CA-115,Yuba County,California,32.71,37.73