ID,NAME,State,Value,avg_1901-2000
CA-001,Alameda County,California,61.7,57.9
CA-003,Alpine County,California,46.3,43.3
CA-005,Amador County,California,60.4,57.2
CA-007,Butte County,California,62.4,58.8
CA-009,Calaveras County,California,60.7,57.6
CA-011,Colusa County,California,64,60.4
CA-013,Contra Costa County,California,62.8,58.8
CA-015,Del Norte County,California,53.3,50.8
CA-017,El Dorado County,California,56.4,53.4
CA-019,Fresno County,California,57.6,54.4
CA-021,Glenn County,California,62.6,59.3
CA-023,Humboldt County,California,55.8,53
CA-025,Imperial County,California,75.4,72.2
CA-027,Inyo County,California,62.6,59.6
CA-029,Kern County,California,63.4,60.5
CA-031,Kings County,California,65.5,62.5
CA-033,Lake County,California,59.6,56.3
CA-035,Lassen County,California,49.1,46.1
CA-037,Los Angeles County,California,63.2,59.9
CA-039,Madera County,California,58,55.1
CA-041,Marin County,California,58.4,54.8
CA-043,Mariposa County,California,57.4,54.5
CA-045,Mendocino County,California,57.7,54.8
CA-047,Merced County,California,63.4,61
CA-049,Modoc County,California,49,45.6
CA-051,Mono County,California,46.6,43.3
CA-053,Monterey County,California,60.4,57.2
CA-055,Napa County,California,61.9,58.2
CA-057,Nevada County,California,54.5,51.7
CA-059,Orange County,California,65.9,62.4
CA-061,Placer County,California,55.9,53
CA-063,Plumas County,California,49.4,46.8
CA-065,Riverside County,California,70.2,66.8
CA-067,Sacramento County,California,64.4,61.1
CA-069,San Benito County,California,60.7,57.4
CA-071,San Bernardino County,California,68.2,65.1
CA-073,San Diego County,California,64.7,61.2
CA-075,San Francisco County,California,59.2,55.8
CA-077,San Joaquin County,California,64.5,60.7
CA-079,San Luis Obispo County,California,61.1,58
CA-081,San Mateo County,California,58.8,55.4
CA-083,Santa Barbara County,California,60.2,56.6
CA-085,Santa Clara County,California,60.5,56.9
CA-087,Santa Cruz County,California,59.3,55.7
CA-089,Shasta County,California,57.4,54.3
CA-091,Sierra County,California,49.3,46.4
CA-093,Siskiyou County,California,50.9,47.8
CA-095,Solano County,California,63.2,59.7
CA-097,Sonoma County,California,59.4,56.1
CA-099,Stanislaus County,California,63.1,60.4
CA-101,Sutter County,California,64.9,61.8
CA-103,Tehama County,California,61.1,57.9
CA-105,Trinity County,California,54.7,51.6
CA-107,Tulare County,California,56.1,53.2
CA-109,Tuolumne County,California,52.5,49.6
CA-111,Ventura County,California,59.5,56
CA-113,Yolo County,California,63.9,60.9
CA-115,Yuba County,California,63,59.8